"OOB","0","1"
0.330645161290323,0.342245989304813,0.318918918918919
